"Timestamp","Gender","Education Level","College","Programme Level","Residence","Do you still use the university-provided SIM card?","  How frequently do you use your sim? ","How would you rate the connectivity strength of your network? (1 being the lowest, 5 being the highest) ","Which services do you use?
* Voice Call","Which services do you use?
* Mobile data/Internet ","Which services do you use?
* SMS/Text messaging ","Do you use other networks besides your vodaphone (Telecel)? * ","Could these be reasons for discountinuation or using other networks ?
* Poor Network Quality Coverage","Could these be reasons for discountinuation or using other networks ?
* Unsatisfactory Customer Service","Could these be reasons for discountinuation?
* Better services from other network providers ","Could these be reasons for discountinuation or using other networks?
* High Costs of Services","Do you exhaust your monthly data allowance? (5GB) ","What is your approximate monthly data usage? (in GB)","What can be done to improve the services?"
"2024/06/11 3:15:06 PM GMT","Male","Undergraduate","College of Agriculture and Natural Resources","400","Off-campus","Yes","Daily","3","Yes","Yes","Yes","Yes","Yes","No","Yes","No","Yes","More than 8","Increase Download and Upload speeds and better network signals"